{
  "_fv": 77,
  "_type": "recipe",
  "definition": {
    "recipeType": "Blasting",
    "recipeRetstackSize": 1,
    "group": "",
    "cookingBookCategory": "MISC",
    "xpReward": 3.15,
    "cookingTime": 450,
    "craftingBookCategory": "MISC",
    "recipeShapeless": false,
    "blastingInputStack": {
      "value": "Blocks.RAW_GOLD_BLOCK"
    },
    "blastingReturnStack": {
      "value": "Blocks.GOLD_BLOCK"
    },
    "name": "gold_block_from_blasting_gold_block",
    "namespace": "mod"
  }
}