{
  "_fv": 77,
  "_type": "achievement",
  "definition": {
    "achievementName": "Have All Ores Advancement",
    "achievementDescription": "Acquire all the ores",
    "achievementIcon": {
      "value": "Items.DIAMOND_PICKAXE"
    },
    "background": "Default",
    "disableDisplay": false,
    "showPopup": true,
    "announceToChat": true,
    "hideIfNotCompleted": false,
    "rewardLoot": [],
    "rewardRecipes": [],
    "rewardXP": 0,
    "achievementType": "goal",
    "parent": {
      "value": "story/mine_diamond"
    },
    "triggerxml": "<xml xmlns=\"https://developers.google.com/blockly/xml\"><block type=\"advancement_trigger\" deletable=\"false\" x=\"40\" y=\"80\"><next><block type=\"custom_trigger\"></block></next></block></xml>"
  }
}