{
  "_fv": 77,
  "_type": "potioneffect",
  "definition": {
    "effectName": "Iron Armor Effect",
    "icon": "gold_pickaxe_effect",
    "color": {
      "value": -1,
      "falpha": 0.0
    },
    "onAddedSound": {
      "value": ""
    },
    "isInstant": false,
    "mobEffectCategory": "BENEFICIAL",
    "renderStatusInInventory": false,
    "renderStatusInHUD": false,
    "isCuredbyHoney": false,
    "modifiers": [
      {
        "attribute": {
          "value": "KNOCKBACK_RESISTANCE"
        },
        "amount": 0.1,
        "operation": "ADD_VALUE"
      },
      {
        "attribute": {
          "value": "SWEEPING_DAMAGE_RATIO"
        },
        "amount": 0.25,
        "operation": "ADD_VALUE"
      }
    ]
  }
}