{
  "_fv": 77,
  "_type": "villagertrade",
  "definition": {
    "tradeEntries": [
      {
        "villagerProfession": {
          "value": "ARMORER"
        },
        "entries": [
          {
            "price1": {
              "value": "CUSTOM:PlatinumIngot"
            },
            "countPrice1": 2,
            "price2": {
              "value": ""
            },
            "countPrice2": 1,
            "offer": {
              "value": "Items.EMERALD"
            },
            "countOffer": 1,
            "level": 2,
            "maxTrades": 12,
            "xp": 10,
            "priceMultiplier": 0.04
          },
          {
            "price1": {
              "value": "Items.EMERALD"
            },
            "countPrice1": 16,
            "price2": {
              "value": ""
            },
            "countPrice2": 1,
            "offer": {
              "value": "CUSTOM:PlatinumArmor.body"
            },
            "countOffer": 1,
            "level": 3,
            "maxTrades": 4,
            "xp": 15,
            "priceMultiplier": 0.019999999999999997
          },
          {
            "price1": {
              "value": "Items.EMERALD"
            },
            "countPrice1": 11,
            "price2": {
              "value": ""
            },
            "countPrice2": 1,
            "offer": {
              "value": "CUSTOM:PlatinumArmor.helmet"
            },
            "countOffer": 1,
            "level": 3,
            "maxTrades": 4,
            "xp": 10,
            "priceMultiplier": 0.02
          },
          {
            "price1": {
              "value": "Items.EMERALD"
            },
            "countPrice1": 14,
            "price2": {
              "value": ""
            },
            "countPrice2": 1,
            "offer": {
              "value": "CUSTOM:PlatinumArmor.legs"
            },
            "countOffer": 1,
            "level": 1,
            "maxTrades": 4,
            "xp": 15,
            "priceMultiplier": 0.02
          },
          {
            "price1": {
              "value": "Items.EMERALD"
            },
            "countPrice1": 9,
            "price2": {
              "value": ""
            },
            "countPrice2": 1,
            "offer": {
              "value": "CUSTOM:PlatinumArmor.boots"
            },
            "countOffer": 1,
            "level": 1,
            "maxTrades": 4,
            "xp": 10,
            "priceMultiplier": 0.02
          }
        ]
      },
      {
        "villagerProfession": {
          "value": "WEAPONSMITH"
        },
        "entries": [
          {
            "price1": {
              "value": "Items.EMERALD"
            },
            "countPrice1": 21,
            "price2": {
              "value": ""
            },
            "countPrice2": 1,
            "offer": {
              "value": "CUSTOM:PlatinumSword"
            },
            "countOffer": 1,
            "level": 3,
            "maxTrades": 8,
            "xp": 12,
            "priceMultiplier": 0.06999999999999999
          },
          {
            "price1": {
              "value": "Items.EMERALD"
            },
            "countPrice1": 26,
            "price2": {
              "value": ""
            },
            "countPrice2": 1,
            "offer": {
              "value": "CUSTOM:PlatinumAxe"
            },
            "countOffer": 1,
            "level": 3,
            "maxTrades": 8,
            "xp": 14,
            "priceMultiplier": 0.06999999999999999
          }
        ]
      }
    ]
  }
}