{
  "_fv": 77,
  "_type": "armor",
  "definition": {
    "enableHelmet": true,
    "textureHelmet": "reinforced_netherite_helmet",
    "enableBody": true,
    "textureBody": "reinforced_netherite_chestplate",
    "enableLeggings": true,
    "textureLeggings": "reinforced_netherite_leggings",
    "enableBoots": true,
    "textureBoots": "reinforced_netherite_boots",
    "onBodyTick": {
      "name": "ReinforcedNetheriteArmorEffect"
    },
    "creativeTabs": [
      {
        "value": "COMBAT"
      }
    ],
    "armorTextureFile": "netherite",
    "helmetName": "Reinforced Netherite Helmet",
    "bodyName": "Reinforced Netherite Chestplate",
    "leggingsName": "Reinforced Netherite Leggings",
    "bootsName": "Reinforced Netherite Boots",
    "helmetSpecialInformation": {
      "fixedValue": []
    },
    "bodySpecialInformation": {
      "fixedValue": []
    },
    "leggingsSpecialInformation": {
      "fixedValue": []
    },
    "bootsSpecialInformation": {
      "fixedValue": []
    },
    "helmetModelName": "Default",
    "helmetModelPart": "Helmet",
    "helmetModelTexture": "From armor",
    "bodyModelName": "Modelarmor_reinforced_netherite",
    "bodyModelPart": "body",
    "armsModelPartL": "left_arm",
    "armsModelPartR": "right_arm",
    "bodyModelTexture": "netherite_armor.png",
    "leggingsModelName": "Default",
    "leggingsModelPartL": "Leggings L",
    "leggingsModelPartR": "Leggings R",
    "leggingsModelTexture": "From armor",
    "bootsModelName": "Modelarmor_reinforced_netherite",
    "bootsModelPartL": "left_shoe",
    "bootsModelPartR": "right_shoe",
    "bootsModelTexture": "netherite_armor.png",
    "helmetItemRenderType": 0,
    "helmetItemCustomModelName": "Normal",
    "bodyItemRenderType": 0,
    "bodyItemCustomModelName": "Normal",
    "leggingsItemRenderType": 0,
    "leggingsItemCustomModelName": "Normal",
    "bootsItemRenderType": 0,
    "bootsItemCustomModelName": "Normal",
    "helmetImmuneToFire": true,
    "bodyImmuneToFire": true,
    "leggingsImmuneToFire": true,
    "bootsImmuneToFire": true,
    "helmetGlowCondition": {
      "fixedValue": false
    },
    "bodyGlowCondition": {
      "fixedValue": false
    },
    "leggingsGlowCondition": {
      "fixedValue": false
    },
    "bootsGlowCondition": {
      "fixedValue": false
    },
    "helmetPiglinNeutral": {
      "fixedValue": false
    },
    "bodyPiglinNeutral": {
      "fixedValue": false
    },
    "leggingsPiglinNeutral": {
      "fixedValue": false
    },
    "bootsPiglinNeutral": {
      "fixedValue": false
    },
    "maxDamage": 39,
    "damageValueHelmet": 3,
    "damageValueBody": 8,
    "damageValueLeggings": 6,
    "damageValueBoots": 3,
    "enchantability": 13,
    "toughness": 3.5,
    "knockbackResistance": 0.15,
    "equipSound": {
      "value": "item.armor.equip_netherite"
    },
    "repairItems": [
      {
        "value": "CUSTOM:TungstenIngot"
      }
    ]
  }
}