{
  "_fv": 77,
  "_type": "recipe",
  "definition": {
    "recipeType": "Crafting",
    "recipeRetstackSize": 1,
    "group": "",
    "cookingBookCategory": "MISC",
    "xpReward": 0.0,
    "cookingTime": 200,
    "craftingBookCategory": "MISC",
    "recipeShapeless": true,
    "recipeSlots": [
      {
        "value": "Items.IRON_INGOT"
      },
      {
        "value": "Items.IRON_INGOT"
      },
      {
        "value": "Items.IRON_INGOT"
      },
      {
        "value": "Items.IRON_INGOT"
      },
      {
        "value": ""
      },
      {
        "value": "Items.COAL#0"
      },
      {
        "value": "Items.COAL#0"
      },
      {
        "value": "Items.COAL#0"
      },
      {
        "value": "Items.COAL#0"
      }
    ],
    "recipeReturnStack": {
      "value": "CUSTOM:SteelIngot"
    },
    "name": "steel_ingot_recipe",
    "namespace": "mod"
  }
}