{
  "_fv": 77,
  "_type": "tool",
  "definition": {
    "toolType": "Sword",
    "renderType": 0,
    "blockingRenderType": 0,
    "texture": "steel_greatsword",
    "customModelName": "Normal",
    "blockingModelName": "Normal blocking",
    "name": "Steel Giantsword",
    "specialInformation": {
      "fixedValue": [],
      "name": "SteelToolsTooltip"
    },
    "creativeTabs": [
      {
        "value": "COMBAT"
      }
    ],
    "efficiency": 5.0,
    "attackSpeed": 1.0,
    "enchantability": 9,
    "damageVsEntity": 7.0,
    "usageCount": 317,
    "glowCondition": {
      "fixedValue": false
    },
    "repairItems": [],
    "immuneToFire": false,
    "blockDropsTier": "IRON",
    "blocksAffected": [],
    "stayInGridWhenCrafting": false,
    "damageOnCrafting": false,
    "onBlockDestroyedWithTool": {
      "name": "SteelToolsEffect"
    }
  }
}