{
  "_fv": 77,
  "_type": "tool",
  "definition": {
    "toolType": "Spade",
    "renderType": 0,
    "blockingRenderType": 0,
    "texture": "steel_digger",
    "customModelName": "Normal",
    "blockingModelName": "Normal blocking",
    "name": "Steel Digger",
    "specialInformation": {
      "fixedValue": [],
      "name": "SteelToolsTooltip"
    },
    "creativeTabs": [
      {
        "value": "TOOLS"
      }
    ],
    "efficiency": 5.0,
    "attackSpeed": 1.2,
    "enchantability": 9,
    "damageVsEntity": 6.0,
    "usageCount": 317,
    "glowCondition": {
      "fixedValue": false
    },
    "repairItems": [],
    "immuneToFire": false,
    "blockDropsTier": "IRON",
    "blocksAffected": [],
    "stayInGridWhenCrafting": false,
    "damageOnCrafting": false,
    "onBlockDestroyedWithTool": {
      "name": "SteelToolsEffect"
    }
  }
}