{
  "_fv": 77,
  "_type": "recipe",
  "definition": {
    "recipeType": "Stone cutting",
    "recipeRetstackSize": 2,
    "group": "",
    "cookingBookCategory": "MISC",
    "xpReward": 0.0,
    "cookingTime": 200,
    "craftingBookCategory": "MISC",
    "recipeShapeless": false,
    "stoneCuttingInputStack": {
      "value": "CUSTOM:SteelBlock"
    },
    "stoneCuttingReturnStack": {
      "value": "CUSTOM:SteelPillar"
    },
    "name": "steel_pillar_from_stonecutter",
    "namespace": "mod"
  }
}