{
  "_fv": 77,
  "_type": "tool",
  "definition": {
    "toolType": "Spade",
    "renderType": 0,
    "blockingRenderType": 0,
    "texture": "tumbaga_shovel",
    "customModelName": "Normal",
    "blockingModelName": "Normal blocking",
    "name": "Tumbaga Shovel",
    "specialInformation": {
      "fixedValue": []
    },
    "creativeTabs": [
      {
        "value": "TOOLS"
      }
    ],
    "efficiency": 9.0,
    "attackSpeed": 1.2000000000000002,
    "enchantability": 26,
    "damageVsEntity": 1.75,
    "usageCount": 294,
    "glowCondition": {
      "fixedValue": false
    },
    "repairItems": [
      {
        "value": "CUSTOM:TumbagaIngot"
      }
    ],
    "immuneToFire": false,
    "blockDropsTier": "STONE",
    "blocksAffected": [],
    "stayInGridWhenCrafting": false,
    "damageOnCrafting": false
  }
}