{
  "_fv": 77,
  "_type": "recipe",
  "definition": {
    "recipeType": "Blasting",
    "recipeRetstackSize": 1,
    "group": "",
    "cookingBookCategory": "MISC",
    "xpReward": 1.6,
    "cookingTime": 200,
    "craftingBookCategory": "MISC",
    "recipeShapeless": false,
    "blastingInputStack": {
      "value": "CUSTOM:TungstenOre"
    },
    "blastingReturnStack": {
      "value": "CUSTOM:TungstenIngot"
    },
    "name": "tungsten_ingot_from_blasting_tungsten_ore",
    "namespace": "mod"
  }
}