{
  "_fv": 77,
  "_type": "feature",
  "definition": {
    "skipPlacement": false,
    "generationStep": "UNDERGROUND_ORES",
    "restrictionBiomes": [],
    "generateCondition": {
      "name": "CheckForTungstenPlacementConfig"
    },
    "featurexml": "<xml xmlns=\"https://developers.google.com/blockly/xml\"><block type=\"feature_container\" deletable=\"false\" x=\"40\" y=\"40\"><value name=\"feature\"><block type=\"feature_scattered_ore\"><mutation xmlns=\"http://www.w3.org/1999/xhtml\" inputs=\"1\"></mutation><field name=\"size\">5</field><field name=\"discardOnAirChance\">0.7</field><comment pinned=\"false\" h=\"82\" w=\"290\">This block represents a feature for ancient debris ore. Nether ores should be generated during the UNDERGROUND_DECORATION generation stage.</comment><value name=\"target0\"><block type=\"ore_target\"><comment pinned=\"false\" h=\"80\" w=\"160\">If the target block is one of the Nether base stones, replace it with ancient debris</comment><value name=\"target\"><block type=\"rule_test_tag_match\"><field name=\"tag\">base_stone_nether</field></block></value><value name=\"state\"><block type=\"blockstate_selector\"><mutation xmlns=\"http://www.w3.org/1999/xhtml\" inputs=\"0\"></mutation><field name=\"block\">CUSTOM:TungstenOre</field></block></value></block></value></block></value><next><block type=\"placement_in_square\"><comment pinned=\"false\" h=\"80\" w=\"189\">We move each feature horizontally, so that they don't generate in the corner of the chunk</comment><next><block type=\"placement_height_triangular\"><comment pinned=\"false\" h=\"81\" w=\"209\">We then set the height of the feature. This ore feature generates with a triangular distribution between 8 and 24</comment><value name=\"min\"><block type=\"vertical_anchor_absolute\"><field name=\"value\">16</field></block></value><value name=\"max\"><block type=\"vertical_anchor_absolute\"><field name=\"value\">48</field></block></value><next><block type=\"placement_biome_filter\"><comment pinned=\"false\" h=\"85\" w=\"210\">Finally, we check that the feature isn't outside of the biome. This placement modifier should always be the last one.</comment></block></next></block></next></block></next></block></xml>"
  }
}