{
  "_fv": 77,
  "_type": "recipe",
  "definition": {
    "recipeType": "Crafting",
    "recipeRetstackSize": 1,
    "group": "",
    "cookingBookCategory": "MISC",
    "xpReward": 0.0,
    "cookingTime": 200,
    "craftingBookCategory": "BUILDING",
    "recipeShapeless": true,
    "recipeSlots": [
      {
        "value": "CUSTOM:VerditeNugget"
      },
      {
        "value": "CUSTOM:VerditeNugget"
      },
      {
        "value": ""
      },
      {
        "value": "CUSTOM:VerditeNugget"
      },
      {
        "value": "CUSTOM:VerditeNugget"
      },
      {
        "value": ""
      },
      {
        "value": ""
      },
      {
        "value": ""
      },
      {
        "value": ""
      }
    ],
    "recipeReturnStack": {
      "value": "CUSTOM:VerditeRoots"
    },
    "name": "verdite_roots_recipe",
    "namespace": "mod"
  }
}