{
  "multipart": [
    {
      "apply": {
        "model": "good_ores:block/platinum_bars_post"
      }
    },
    {
      "when": {
        "north": true
      },
      "apply": {
        "model": "good_ores:block/platinum_bars_side"
      }
    },
    {
      "when": {
        "east": true
      },
      "apply": {
        "model": "good_ores:block/platinum_bars_side",
        "y": 90
      }
    },
    {
      "when": {
        "south": true
      },
      "apply": {
        "model": "good_ores:block/platinum_bars_side_alt"
      }
    },
    {
      "when": {
        "west": true
      },
      "apply": {
        "model": "good_ores:block/platinum_bars_side_alt",
        "y": 90
      }
    },
    {
      "when": {
        "north": false
      },
      "apply": {
        "model": "good_ores:block/platinum_bars_noside"
      }
    },
    {
      "when": {
        "east": false
      },
      "apply": {
        "model": "good_ores:block/platinum_bars_noside_alt"
      }
    },
    {
      "when": {
        "south": false
      },
      "apply": {
        "model": "good_ores:block/platinum_bars_noside_alt",
        "y": 90
      }
    },
    {
      "when": {
        "west": false
      },
      "apply": {
        "model": "good_ores:block/platinum_bars_noside",
        "y": 270
      }
    }
  ]
}