{
  "_fv": 77,
  "_type": "potioneffect",
  "definition": {
    "effectName": "Bleeding",
    "icon": "bleeding",
    "color": {
      "value": -16777216,
      "falpha": 0.0
    },
    "particle": {
      "value": "CUSTOM:Blood"
    },
    "onAddedSound": {
      "value": "entity.player.hurt_sweet_berry_bush"
    },
    "isInstant": false,
    "mobEffectCategory": "HARMFUL",
    "renderStatusInInventory": false,
    "renderStatusInHUD": false,
    "isCuredbyHoney": false,
    "modifiers": [],
    "onActiveTick": {
      "name": "BleedingOnEffectActiveTick"
    },
    "activeTickCondition": {
      "name": "BleedingActiveTickCondition"
    }
  }
}