{
  "_fv": 77,
  "_type": "potioneffect",
  "definition": {
    "effectName": "Chainmail Armor Effect",
    "icon": "haste",
    "color": {
      "value": -1,
      "falpha": 0.0
    },
    "onAddedSound": {
      "value": ""
    },
    "isInstant": false,
    "mobEffectCategory": "NEUTRAL",
    "renderStatusInInventory": false,
    "renderStatusInHUD": false,
    "isCuredbyHoney": false,
    "modifiers": [
      {
        "attribute": {
          "value": "ARMOR_TOUGHNESS"
        },
        "amount": 5.0,
        "operation": "ADD_VALUE"
      }
    ]
  }
}