{
  "_fv": 77,
  "_type": "recipe",
  "definition": {
    "recipeType": "Stone cutting",
    "recipeRetstackSize": 4,
    "group": "",
    "cookingBookCategory": "MISC",
    "xpReward": 0.0,
    "cookingTime": 200,
    "craftingBookCategory": "MISC",
    "recipeShapeless": false,
    "stoneCuttingInputStack": {
      "value": "Blocks.GOLD_BLOCK"
    },
    "stoneCuttingReturnStack": {
      "value": "CUSTOM:GoldTiles"
    },
    "name": "gold_tiles_from_stone_cutting_gold_block",
    "namespace": "mod"
  }
}