{
  "_fv": 77,
  "_type": "config",
  "definition": {
    "file": "Configvolution",
    "configType": 0,
    "config": "<xml xmlns=\"https://developers.google.com/blockly/xml\"><block type=\"config_start\" deletable=\"false\" x=\"40\" y=\"40\"><next><block type=\"config_category\"><field name=\"name\">QOL Config</field><statement name=\"write\"><block type=\"config_variable\"><field name=\"name\">stop_ore_break</field><field name=\"comment\">Stops players from breaking ores if their current tool can't harvest it</field><value name=\"value\"><block type=\"config_logic_variable\"><field name=\"name\">stop player from breaking ore</field><field name=\"value\">false</field></block></value><next><block type=\"config_variable\"><field name=\"name\">warn_ore_harvest</field><field name=\"comment\">Warns the player if the tool he's using now can't harvest an ore</field><value name=\"value\"><block type=\"config_logic_variable\"><field name=\"name\">Warning for ore harvest</field><field name=\"value\">true</field></block></value><next><block type=\"config_variable\"><field name=\"name\">tooltip_harvest_level</field><field name=\"comment\">Defines if a new tooltip with info about a tool's harvest level should be displayed</field><value name=\"value\"><block type=\"config_logic_variable\"><field name=\"name\">Harvest level on tooltip</field><field name=\"value\">true</field></block></value><next><block type=\"config_variable\"><field name=\"name\">tin_trades</field><field name=\"comment\">Defines if a new tooltip with info about a tool's harvest level should be displayed</field><value name=\"value\"><block type=\"config_logic_variable\"><field name=\"name\">Enable tin trades for villagers</field><field name=\"value\">true</field></block></value><next><block type=\"config_variable\"><field name=\"name\">platinum_trades</field><field name=\"comment\">Defines if a new tooltip with info about a tool's harvest level should be displayed</field><value name=\"value\"><block type=\"config_logic_variable\"><field name=\"name\">Enable platinum trades for villagers</field><field name=\"value\">true</field></block></value></block></next></block></next></block></next></block></next></block></statement><next><block type=\"config_category\"><field name=\"name\">Modded Progress</field><statement name=\"write\"><block type=\"config_variable\"><field name=\"name\">tin_progress</field><field name=\"comment\">Progress changes from [ Stone -&gt; Iron ] to [ Stone -&gt; Tin -&gt;  Iron ]</field><value name=\"value\"><block type=\"config_logic_variable\"><field name=\"name\">Tin needed for iron</field><field name=\"value\">true</field></block></value><next><block type=\"config_variable\"><field name=\"name\">platinum_progress</field><field name=\"comment\">Progress changes from [ Iron -&gt; Diamond ] to [ Iron -&gt; Platinum -&gt;  Diamond ]</field><value name=\"value\"><block type=\"config_logic_variable\"><field name=\"name\">Platinum needed for Diamond</field><field name=\"value\">true</field></block></value></block></next></block></statement><next><block type=\"config_category\"><field name=\"name\">Gameplay</field><statement name=\"write\"><block type=\"config_variable\"><field name=\"name\">vanilla_powers</field><field name=\"comment\">Defines if vanilla equipment will have unique properties, like diamond dealing more damage to undead mobs</field><value name=\"value\"><block type=\"config_logic_variable\"><field name=\"name\">Vanilla equipment powers</field><field name=\"value\">true</field></block></value><next><block type=\"config_variable\"><field name=\"name\">modded_powers</field><field name=\"comment\">Defines if modded equipment will have unique properties, like tin increasing block drops</field><value name=\"value\"><block type=\"config_logic_variable\"><field name=\"name\">Modded equipment powers</field><field name=\"value\">true</field></block></value><next><block type=\"config_category\"><field name=\"name\">Ore disabler</field><statement name=\"write\"><block type=\"config_category\"><field name=\"name\">Mining Ores</field><statement name=\"write\"><block type=\"config_variable\"><field name=\"name\">disable_tin</field><field name=\"comment\">Defines if tin will be generated or not</field><value name=\"value\"><block type=\"config_logic_variable\"><field name=\"name\">Enable Tin</field><field name=\"value\">true</field></block></value><next><block type=\"config_variable\"><field name=\"name\">disable_platinum</field><field name=\"comment\">Defines if platinum will be generated or not</field><value name=\"value\"><block type=\"config_logic_variable\"><field name=\"name\">Enable Platinum</field><field name=\"value\">true</field></block></value><next><block type=\"config_variable\"><field name=\"name\">disable_tungsten</field><field name=\"comment\">Defines if tungsten will be generated or not</field><value name=\"value\"><block type=\"config_logic_variable\"><field name=\"name\">Enable Tungsten</field><field name=\"value\">true</field></block></value><next><block type=\"config_variable\"><field name=\"name\">disable_astral</field><field name=\"comment\">Defines if tungsten will be generated or not</field><value name=\"value\"><block type=\"config_logic_variable\"><field name=\"name\">Enable Astral</field><field name=\"value\">true</field></block></value><next><block type=\"config_variable\"><field name=\"name\">disable_xpore</field><field name=\"comment\">Defines if Experience ores will be generated or not</field><value name=\"value\"><block type=\"config_logic_variable\"><field name=\"name\">Enable Experience Ore</field><field name=\"value\">true</field></block></value></block></next></block></next></block></next></block></next></block></statement><next><block type=\"config_category\"><field name=\"name\">Farming Ores</field><statement name=\"write\"><block type=\"config_variable\"><field name=\"name\">disable_livingstone</field><field name=\"comment\">Defines if livingstone will be obtainable or not</field><value name=\"value\"><block type=\"config_logic_variable\"><field name=\"name\">Enable Livingstone</field><field name=\"value\">true</field></block></value><next><block type=\"config_variable\"><field name=\"name\">disable_verdite</field><field name=\"comment\">Defines if verdite will be obtainable or not</field><value name=\"value\"><block type=\"config_logic_variable\"><field name=\"name\">Enable Verdite</field><field name=\"value\">true</field></block></value></block></next></block></statement></block></next></block></statement></block></next></block></next></block></statement></block></next></block></next></block></next></block></xml>",
    "defining": true
  }
}