{
  "_fv": 77,
  "_type": "tool",
  "definition": {
    "toolType": "Sword",
    "renderType": 0,
    "blockingRenderType": 0,
    "texture": "livingstone_sword",
    "customModelName": "Normal",
    "blockingModelName": "Normal blocking",
    "name": "Livingstone Sword",
    "specialInformation": {
      "fixedValue": [],
      "name": "LivingstoneToolsTooltip"
    },
    "creativeTabs": [
      {
        "value": "COMBAT"
      }
    ],
    "efficiency": 5.0,
    "attackSpeed": 1.9,
    "enchantability": 18,
    "damageVsEntity": 5.0,
    "usageCount": 211,
    "glowCondition": {
      "fixedValue": false
    },
    "repairItems": [
      {
        "value": "CUSTOM:LivingstoneShard"
      }
    ],
    "immuneToFire": false,
    "blockDropsTier": "STONE",
    "blocksAffected": [],
    "stayInGridWhenCrafting": false,
    "damageOnCrafting": false
  }
}