{
  "_fv": 77,
  "_type": "tool",
  "definition": {
    "toolType": "Sword",
    "renderType": 0,
    "blockingRenderType": 0,
    "texture": "lumiflora_sword",
    "customModelName": "Normal",
    "blockingModelName": "Normal blocking",
    "name": "Lumiflora Sword",
    "specialInformation": {
      "fixedValue": []
    },
    "creativeTabs": [
      {
        "value": "COMBAT"
      }
    ],
    "efficiency": 8.0,
    "attackSpeed": 1.6,
    "enchantability": 14,
    "damageVsEntity": 6.0,
    "usageCount": 1642,
    "glowCondition": {
      "fixedValue": false
    },
    "repairItems": [
      {
        "value": "CUSTOM:LumifloraIngot"
      }
    ],
    "immuneToFire": true,
    "blockDropsTier": "DIAMOND",
    "blocksAffected": [],
    "stayInGridWhenCrafting": false,
    "damageOnCrafting": false,
    "onEntityHitWith": {
      "name": "LumifloraToolEffect"
    }
  }
}