{
  "_fv": 77,
  "_type": "armor",
  "definition": {
    "enableHelmet": true,
    "textureHelmet": "lumiflora_helmet",
    "enableBody": true,
    "textureBody": "lumiflora_chestplate",
    "enableLeggings": true,
    "textureLeggings": "lumiflora_leggings",
    "enableBoots": true,
    "textureBoots": "lumiflora_boots",
    "onBodyTick": {
      "name": "LumifloraArmorEffect"
    },
    "creativeTabs": [
      {
        "value": "COMBAT"
      }
    ],
    "armorTextureFile": "lumiflora",
    "helmetName": "Lumiflora Helmet",
    "bodyName": "Lumiflora Chestplate",
    "leggingsName": "Lumiflora Leggings",
    "bootsName": "Lumiflora Boots",
    "helmetSpecialInformation": {
      "fixedValue": []
    },
    "bodySpecialInformation": {
      "fixedValue": []
    },
    "leggingsSpecialInformation": {
      "fixedValue": []
    },
    "bootsSpecialInformation": {
      "fixedValue": []
    },
    "helmetModelName": "Default",
    "helmetModelPart": "Helmet",
    "helmetModelTexture": "From armor",
    "bodyModelName": "Default",
    "bodyModelPart": "Body",
    "armsModelPartL": "Arms L",
    "armsModelPartR": "Arms R",
    "bodyModelTexture": "From armor",
    "leggingsModelName": "Default",
    "leggingsModelPartL": "Leggings L",
    "leggingsModelPartR": "Leggings R",
    "leggingsModelTexture": "From armor",
    "bootsModelName": "Default",
    "bootsModelPartL": "Boots L",
    "bootsModelPartR": "Boots R",
    "bootsModelTexture": "From armor",
    "helmetItemRenderType": 0,
    "helmetItemCustomModelName": "Normal",
    "bodyItemRenderType": 0,
    "bodyItemCustomModelName": "Normal",
    "leggingsItemRenderType": 0,
    "leggingsItemCustomModelName": "Normal",
    "bootsItemRenderType": 0,
    "bootsItemCustomModelName": "Normal",
    "helmetImmuneToFire": true,
    "bodyImmuneToFire": true,
    "leggingsImmuneToFire": true,
    "bootsImmuneToFire": true,
    "helmetGlowCondition": {
      "fixedValue": false
    },
    "bodyGlowCondition": {
      "fixedValue": false
    },
    "leggingsGlowCondition": {
      "fixedValue": false
    },
    "bootsGlowCondition": {
      "fixedValue": false
    },
    "helmetPiglinNeutral": {
      "fixedValue": false
    },
    "bodyPiglinNeutral": {
      "fixedValue": false
    },
    "leggingsPiglinNeutral": {
      "fixedValue": false
    },
    "bootsPiglinNeutral": {
      "fixedValue": false
    },
    "maxDamage": 35,
    "damageValueHelmet": 3,
    "damageValueBody": 8,
    "damageValueLeggings": 6,
    "damageValueBoots": 3,
    "enchantability": 13,
    "toughness": 2.0,
    "knockbackResistance": 0.0,
    "equipSound": {
      "value": "item.armor.equip_diamond"
    },
    "repairItems": [
      {
        "value": "CUSTOM:LumifloraIngot"
      }
    ]
  }
}