{
  "_fv": 77,
  "_type": "recipe",
  "definition": {
    "recipeType": "Blasting",
    "recipeRetstackSize": 1,
    "group": "",
    "cookingBookCategory": "MISC",
    "xpReward": 5.85,
    "cookingTime": 630,
    "craftingBookCategory": "MISC",
    "recipeShapeless": false,
    "blastingInputStack": {
      "value": "CUSTOM:RawPlatinumBlock"
    },
    "blastingReturnStack": {
      "value": "CUSTOM:PlatinumBlock"
    },
    "name": "platinum_block_from_blasting_platinum_block",
    "namespace": "mod"
  }
}