{
  "_fv": 77,
  "_type": "recipe",
  "definition": {
    "recipeType": "Blasting",
    "recipeRetstackSize": 1,
    "group": "",
    "cookingBookCategory": "MISC",
    "xpReward": 1.2999999999999998,
    "cookingTime": 140,
    "craftingBookCategory": "MISC",
    "recipeShapeless": false,
    "blastingInputStack": {
      "value": "CUSTOM:RawPlatinum"
    },
    "blastingReturnStack": {
      "value": "CUSTOM:PlatinumIngot"
    },
    "name": "platinum_ingot_from_blasting_raw_platinum",
    "namespace": "mod"
  }
}