{
  "_fv": 77,
  "_type": "recipe",
  "definition": {
    "recipeType": "Stone cutting",
    "recipeRetstackSize": 4,
    "group": "",
    "cookingBookCategory": "MISC",
    "xpReward": 0.0,
    "cookingTime": 200,
    "craftingBookCategory": "MISC",
    "recipeShapeless": false,
    "stoneCuttingInputStack": {
      "value": "CUSTOM:PlatinumBlock"
    },
    "stoneCuttingReturnStack": {
      "value": "CUSTOM:PlatinumTiles"
    },
    "name": "platinum_tiles_from_stonecutting_platinum_block",
    "namespace": "mod"
  }
}