{
  "_fv": 77,
  "_type": "recipe",
  "definition": {
    "recipeType": "Smelting",
    "recipeRetstackSize": 1,
    "group": "",
    "cookingBookCategory": "MISC",
    "xpReward": 1.3,
    "cookingTime": 280,
    "craftingBookCategory": "MISC",
    "recipeShapeless": false,
    "smeltingInputStack": {
      "value": "CUSTOM:RawPlatinum"
    },
    "smeltingReturnStack": {
      "value": "CUSTOM:PlatinumIngot"
    },
    "name": "platinum_ingot_from_smelting_raw_platinum",
    "namespace": "mod"
  }
}