{
  "_fv": 77,
  "_type": "tool",
  "definition": {
    "toolType": "Spade",
    "renderType": 0,
    "blockingRenderType": 0,
    "texture": "platinum_shovel",
    "customModelName": "Normal",
    "blockingModelName": "Normal blocking",
    "name": "Platinum Shovel",
    "specialInformation": {
      "fixedValue": [],
      "name": "PlatinumToolsTooltip"
    },
    "creativeTabs": [
      {
        "value": "TOOLS"
      }
    ],
    "efficiency": 7.0,
    "attackSpeed": 1.0,
    "enchantability": 12,
    "damageVsEntity": 2.25,
    "usageCount": 860,
    "glowCondition": {
      "fixedValue": false
    },
    "repairItems": [
      {
        "value": "CUSTOM:PlatinumIngot"
      }
    ],
    "immuneToFire": false,
    "blockDropsTier": "IRON",
    "blocksAffected": [],
    "stayInGridWhenCrafting": false,
    "damageOnCrafting": false
  }
}