{
  "_fv": 77,
  "_type": "recipe",
  "definition": {
    "recipeType": "Smithing",
    "recipeRetstackSize": 1,
    "group": "",
    "cookingBookCategory": "MISC",
    "xpReward": 0.0,
    "cookingTime": 200,
    "craftingBookCategory": "EQUIPMENT",
    "recipeShapeless": false,
    "smithingInputStack": {
      "value": "Items.NETHERITE_CHESTPLATE"
    },
    "smithingInputAdditionStack": {
      "value": "CUSTOM:TungstenIngot"
    },
    "smithingInputTemplateStack": {
      "value": "CUSTOM:TungstenPlaque"
    },
    "smithingReturnStack": {
      "value": "CUSTOM:ReinforcedNetheriteArmor.body"
    },
    "name": "reinforced_netherite_chestplate_recipe",
    "namespace": "mod"
  }
}