{
  "_fv": 77,
  "_type": "recipe",
  "definition": {
    "recipeType": "Smithing",
    "recipeRetstackSize": 1,
    "group": "",
    "cookingBookCategory": "MISC",
    "xpReward": 0.0,
    "cookingTime": 200,
    "craftingBookCategory": "EQUIPMENT",
    "recipeShapeless": false,
    "smithingInputStack": {
      "value": "Items.IRON_PICKAXE"
    },
    "smithingInputAdditionStack": {
      "value": "CUSTOM:SteelIngot"
    },
    "smithingInputTemplateStack": {
      "value": "CUSTOM:SteelPlaque"
    },
    "smithingReturnStack": {
      "value": "CUSTOM:SteelHammer"
    },
    "name": "steel_hammer_recipe",
    "namespace": "mod"
  }
}