{
  "_fv": 77,
  "_type": "tool",
  "definition": {
    "toolType": "Axe",
    "renderType": 0,
    "blockingRenderType": 0,
    "texture": "tin_axe",
    "customModelName": "Normal",
    "blockingModelName": "Normal blocking",
    "name": "Tin Axe",
    "specialInformation": {
      "fixedValue": [],
      "name": "TinToolsTooltip"
    },
    "creativeTabs": [
      {
        "value": "TOOLS"
      }
    ],
    "efficiency": 4.5,
    "attackSpeed": 0.85,
    "enchantability": 8,
    "damageVsEntity": 7.0,
    "usageCount": 174,
    "glowCondition": {
      "fixedValue": false
    },
    "repairItems": [
      {
        "value": "CUSTOM:TinIngot"
      }
    ],
    "immuneToFire": false,
    "blockDropsTier": "STONE",
    "blocksAffected": [],
    "stayInGridWhenCrafting": false,
    "damageOnCrafting": false,
    "onBlockDestroyedWithTool": {
      "name": "TinToolsEffect"
    }
  }
}