{
  "_fv": 77,
  "_type": "recipe",
  "definition": {
    "recipeType": "Blasting",
    "recipeRetstackSize": 1,
    "group": "",
    "cookingBookCategory": "MISC",
    "xpReward": 2.7,
    "cookingTime": 427,
    "craftingBookCategory": "MISC",
    "recipeShapeless": false,
    "blastingInputStack": {
      "value": "CUSTOM:RawTinBlock"
    },
    "blastingReturnStack": {
      "value": "CUSTOM:TinBlock"
    },
    "name": "tin_block_from_blasting_tin_copper_block",
    "namespace": "mod"
  }
}