{
  "_fv": 77,
  "_type": "villagertrade",
  "definition": {
    "tradeEntries": [
      {
        "villagerProfession": {
          "value": "TOOLSMITH"
        },
        "entries": [
          {
            "price1": {
              "value": "CUSTOM:TinIngot"
            },
            "countPrice1": 8,
            "price2": {
              "value": ""
            },
            "countPrice2": 1,
            "offer": {
              "value": "Items.EMERALD"
            },
            "countOffer": 1,
            "level": 1,
            "maxTrades": 14,
            "xp": 3,
            "priceMultiplier": 0.049999999999999996
          },
          {
            "price1": {
              "value": "Items.EMERALD"
            },
            "countPrice1": 4,
            "price2": {
              "value": ""
            },
            "countPrice2": 1,
            "offer": {
              "value": "CUSTOM:TinAxe"
            },
            "countOffer": 1,
            "level": 2,
            "maxTrades": 11,
            "xp": 5,
            "priceMultiplier": 0.02
          },
          {
            "price1": {
              "value": "Items.EMERALD"
            },
            "countPrice1": 3,
            "price2": {
              "value": ""
            },
            "countPrice2": 1,
            "offer": {
              "value": "CUSTOM:TinShovel"
            },
            "countOffer": 1,
            "level": 2,
            "maxTrades": 11,
            "xp": 5,
            "priceMultiplier": 0.02
          },
          {
            "price1": {
              "value": "Items.EMERALD"
            },
            "countPrice1": 5,
            "price2": {
              "value": ""
            },
            "countPrice2": 1,
            "offer": {
              "value": "CUSTOM:TinPickaxe"
            },
            "countOffer": 1,
            "level": 2,
            "maxTrades": 11,
            "xp": 5,
            "priceMultiplier": 0.03
          },
          {
            "price1": {
              "value": "Items.EMERALD"
            },
            "countPrice1": 2,
            "price2": {
              "value": ""
            },
            "countPrice2": 1,
            "offer": {
              "value": "CUSTOM:TinHoe"
            },
            "countOffer": 1,
            "level": 2,
            "maxTrades": 11,
            "xp": 5,
            "priceMultiplier": 0.01
          }
        ]
      }
    ]
  }
}