{
  "_fv": 77,
  "_type": "recipe",
  "definition": {
    "recipeType": "Smelting",
    "recipeRetstackSize": 1,
    "group": "",
    "cookingBookCategory": "MISC",
    "xpReward": 1.6,
    "cookingTime": 400,
    "craftingBookCategory": "MISC",
    "recipeShapeless": false,
    "smeltingInputStack": {
      "value": "CUSTOM:TungstenOre"
    },
    "smeltingReturnStack": {
      "value": "CUSTOM:TungstenIngot"
    },
    "name": "tungsten_ingot_from_smelting_tungsten_ore",
    "namespace": "mod"
  }
}