{
  "_fv": 77,
  "_type": "tool",
  "definition": {
    "toolType": "Axe",
    "renderType": 0,
    "blockingRenderType": 0,
    "texture": "verdite_axe",
    "customModelName": "Normal",
    "blockingModelName": "Normal blocking",
    "name": "Verdite Axe",
    "specialInformation": {
      "fixedValue": [],
      "name": "VerditeToolsTooltip"
    },
    "creativeTabs": [
      {
        "value": "TOOLS"
      }
    ],
    "efficiency": 6.0,
    "attackSpeed": 1.2000000000000002,
    "enchantability": 18,
    "damageVsEntity": 9.0,
    "usageCount": 412,
    "glowCondition": {
      "fixedValue": false
    },
    "repairItems": [
      {
        "value": "CUSTOM:VerditeIngot"
      }
    ],
    "immuneToFire": false,
    "blockDropsTier": "IRON",
    "blocksAffected": [],
    "stayInGridWhenCrafting": false,
    "damageOnCrafting": false
  }
}