{
  "_fv": 77,
  "_type": "potioneffect",
  "definition": {
    "effectName": "Gold Pickaxe Effect",
    "icon": "haste",
    "color": {
      "value": -1,
      "falpha": 0.0
    },
    "onAddedSound": {
      "value": ""
    },
    "isInstant": false,
    "mobEffectCategory": "BENEFICIAL",
    "renderStatusInInventory": false,
    "renderStatusInHUD": false,
    "isCuredbyHoney": false,
    "modifiers": [
      {
        "attribute": {
          "value": "BLOCK_REACH"
        },
        "amount": 1.5,
        "operation": "ADD_VALUE"
      }
    ]
  }
}