{
  "_fv": 77,
  "_type": "config",
  "definition": {
    "file": "goodConfig",
    "configType": 0,
    "config": "<xml xmlns=\"https://developers.google.com/blockly/xml\"><block type=\"config_start\" deletable=\"false\" x=\"40\" y=\"40\"><next><block type=\"config_category\"><field name=\"name\">QOL Config</field><statement name=\"write\"><block type=\"config_variable\"><field name=\"name\">stop_ore_break</field><field name=\"comment\">Stops players from breaking ores if their current tool can't harvest it</field><value name=\"value\"><block type=\"config_logic_variable\"><field name=\"name\">stop player from breaking ore</field><field name=\"value\">false</field></block></value><next><block type=\"config_variable\"><field name=\"name\">warn_ore_harvest</field><field name=\"comment\">Warns the player if the tool he's using now can't harvest an ore</field><value name=\"value\"><block type=\"config_logic_variable\"><field name=\"name\">Warning for ore harvest</field><field name=\"value\">true</field></block></value><next><block type=\"config_variable\"><field name=\"name\">tooltip_harvest_level</field><field name=\"comment\">Defines if a new tooltip with info about a tool's harvest level should be displayed</field><value name=\"value\"><block type=\"config_logic_variable\"><field name=\"name\">Harvest level on tooltip</field><field name=\"value\">true</field></block></value></block></next></block></next></block></statement><next><block type=\"config_category\"><field name=\"name\">Modded Progress</field><statement name=\"write\"><block type=\"config_variable\"><field name=\"name\">tin_progress</field><field name=\"comment\">Progress changes from [ Stone -&gt; Iron ] to [ Stone -&gt; Tin -&gt;  Iron ]</field><value name=\"value\"><block type=\"config_logic_variable\"><field name=\"name\">Tin needed for iron</field><field name=\"value\">true</field></block></value><next><block type=\"config_variable\"><field name=\"name\">platinum_progress</field><field name=\"comment\">Progress changes from [ Iron -&gt; Diamond ] to [ Iron -&gt; Platinum -&gt;  Diamond ]</field><value name=\"value\"><block type=\"config_logic_variable\"><field name=\"name\">Platinum needed for Diamond</field><field name=\"value\">true</field></block></value></block></next></block></statement><next><block type=\"config_category\"><field name=\"name\">Gameplay Mechanics</field><statement name=\"write\"><block type=\"config_variable\"><field name=\"name\">vanilla_powers</field><field name=\"comment\">Defines things like diamond dealing extra damage to undead mobs</field><value name=\"value\"><block type=\"config_logic_variable\"><field name=\"name\">Vanilla tool powers</field><field name=\"value\">true</field></block></value></block></statement></block></next></block></next></block></next></block></xml>",
    "defining": true
  }
}