{
  "_fv": 77,
  "_type": "recipe",
  "definition": {
    "recipeType": "Blasting",
    "recipeRetstackSize": 1,
    "group": "",
    "cookingBookCategory": "MISC",
    "xpReward": 1.3,
    "cookingTime": 140,
    "craftingBookCategory": "MISC",
    "recipeShapeless": false,
    "blastingInputStack": {
      "value": "CUSTOM:PlatinumOre"
    },
    "blastingReturnStack": {
      "value": "CUSTOM:PlatinumIngot"
    },
    "name": "platinum_ingot_from_blasting_platinum_ore",
    "namespace": "mod"
  }
}