{
  "_fv": 77,
  "_type": "recipe",
  "definition": {
    "recipeType": "Smelting",
    "recipeRetstackSize": 1,
    "group": "",
    "cookingBookCategory": "MISC",
    "xpReward": 0.6,
    "cookingTime": 190,
    "craftingBookCategory": "MISC",
    "recipeShapeless": false,
    "smeltingInputStack": {
      "value": "CUSTOM:DeepslateTinOre"
    },
    "smeltingReturnStack": {
      "value": "CUSTOM:TinIngot"
    },
    "name": "tin_ingot_from_smelting_deepslate_tin_ore",
    "namespace": "mod"
  }
}