{
	"credit": "Made with Blockbench",
	"textures": {
		"1": "big_chain"
	},
	"elements": [
		{
			"from": [5.5, 1, 7],
			"to": [10.5, 7, 9],
			"rotation": {"angle": 0, "axis": "y", "origin": [8, 3, 7]},
			"faces": {
				"north": {"uv": [0, 0, 5, 6], "texture": "#1"},
				"east": {"uv": [5, 0, 7, 6], "texture": "#1"},
				"south": {"uv": [0, 0, 5, 6], "texture": "#1"},
				"west": {"uv": [5, 0, 7, 6], "texture": "#1"},
				"up": {"uv": [0, 6, 5, 8], "texture": "#1"},
				"down": {"uv": [0, 6, 5, 8], "texture": "#1"}
			}
		},
		{
			"from": [5.5, 9, 7],
			"to": [10.5, 15, 9],
			"rotation": {"angle": 0, "axis": "y", "origin": [8, 13, 8]},
			"faces": {
				"north": {"uv": [0, 0, 5, 6], "texture": "#1"},
				"east": {"uv": [5, 0, 7, 6], "texture": "#1"},
				"south": {"uv": [0, 0, 5, 6], "texture": "#1"},
				"west": {"uv": [5, 0, 7, 6], "texture": "#1"},
				"up": {"uv": [0, 6, 5, 8], "texture": "#1"},
				"down": {"uv": [0, 6, 5, 8], "texture": "#1"}
			}
		},
		{
			"from": [7, 5.5, 5.5],
			"to": [9, 10.5, 10.5],
			"rotation": {"angle": 0, "axis": "y", "origin": [7, 8.5, 8]},
			"faces": {
				"north": {"uv": [5, 0, 7, 5], "texture": "#1"},
				"east": {"uv": [0, 0, 5, 5], "texture": "#1"},
				"south": {"uv": [5, 0, 7, 5], "texture": "#1"},
				"west": {"uv": [0, 0, 5, 5], "texture": "#1"},
				"up": {"uv": [0, 6, 5, 8], "rotation": 90, "texture": "#1"},
				"down": {"uv": [0, 6, 5, 8], "rotation": 270, "texture": "#1"}
			}
		},
		{
			"from": [7, 0, 5.5],
			"to": [9, 3, 10.5],
			"rotation": {"angle": 0, "axis": "y", "origin": [7, 1, 8]},
			"faces": {
				"north": {"uv": [5, 0, 7, 3], "texture": "#1"},
				"east": {"uv": [0, 0, 5, 3], "texture": "#1"},
				"south": {"uv": [5, 0, 7, 3], "texture": "#1"},
				"west": {"uv": [0, 0, 5, 3], "texture": "#1"},
				"up": {"uv": [0, 6, 5, 8], "rotation": 90, "texture": "#1"},
				"down": {"uv": [0, 8, 5, 10], "rotation": 270, "texture": "#1"}
			}
		},
		{
			"from": [7, 13, 5.5],
			"to": [9, 16, 10.5],
			"rotation": {"angle": 0, "axis": "y", "origin": [7, 16, 8]},
			"faces": {
				"north": {"uv": [5, 3, 7, 6], "texture": "#1"},
				"east": {"uv": [0, 3, 5, 6], "texture": "#1"},
				"south": {"uv": [5, 3, 7, 6], "texture": "#1"},
				"west": {"uv": [0, 3, 5, 6], "texture": "#1"},
				"up": {"uv": [0, 8, 5, 10], "rotation": 90, "texture": "#1"},
				"down": {"uv": [0, 6, 5, 8], "rotation": 270, "texture": "#1"}
			}
		},
		{
			"from": [6.5, 5, 5.5],
			"to": [9.5, 11, 10.5],
			"rotation": {"angle": 0, "axis": "y", "origin": [7.5, 8, 8]},
			"faces": {
				"north": {"uv": [13, 10, 16, 16], "texture": "#1"},
				"east": {"uv": [0, 0, 5, 6], "texture": "#1"},
				"south": {"uv": [13, 10, 16, 16], "texture": "#1"},
				"west": {"uv": [0, 0, 5, 6], "texture": "#1"},
				"up": {"uv": [8, 13, 13, 16], "rotation": 90, "texture": "#1"},
				"down": {"uv": [8, 13, 13, 16], "rotation": 270, "texture": "#1"}
			}
		}
	],
	"groups": [
		{
			"name": "group",
			"origin": [7.5, 17, 8],
			"color": 0,
			"children": [0, 1, 2, 3, 4, 5]
		}
	]
}