{
	"textures": {
		"0": "big_chain",
		"particle": "big_chain"
	},
	"elements": [
		{
			"from": [5.5, 0, 8],
			"to": [10.5, 16, 8],
			"shade": false,
			"rotation": {"angle": 45, "axis": "y", "origin": [8, 8, 8]},
			"faces": {
				"north": {"uv": [6, 0, 0, 16], "texture": "#0"},
				"south": {"uv": [0, 0, 6, 16], "texture": "#0"}
			}
		},
		{
			"from": [8, 0, 5.5],
			"to": [8, 16, 10.5],
			"shade": false,
			"rotation": {"angle": 45, "axis": "y", "origin": [8, 8, 8]},
			"faces": {
				"east": {"uv": [6, 0, 12, 16], "texture": "#0"},
				"west": {"uv": [6, 0, 12, 16], "texture": "#0"}
			}
		}
	]
}