{
	"credit": "Made with Blockbench",
	"parent": "lantern_big",
	"textures": {
		"0": "gold_lantern",
		"particle": "gold_lantern"
	},
	"elements": [
		{
			"from": [5, 1, 5],
			"to": [11, 8, 11],
			"faces": {
				"north": {"uv": [0, 2, 6, 9], "texture": "#0"},
				"east": {"uv": [0, 2, 6, 9], "texture": "#0"},
				"south": {"uv": [0, 2, 6, 9], "texture": "#0"},
				"west": {"uv": [0, 2, 6, 9], "texture": "#0"},
				"up": {"uv": [0, 9, 6, 15], "texture": "#0"},
				"down": {"uv": [0, 9, 6, 15], "texture": "#0"}
			}
		},
		{
			"from": [6, 8, 6],
			"to": [10, 10, 10],
			"faces": {
				"north": {"uv": [1, 0, 5, 2], "texture": "#0"},
				"east": {"uv": [1, 0, 5, 2], "texture": "#0"},
				"south": {"uv": [1, 0, 5, 2], "texture": "#0"},
				"west": {"uv": [1, 0, 5, 2], "texture": "#0"},
				"up": {"uv": [1, 10, 5, 14], "texture": "#0"},
				"down": {"uv": [1, 10, 5, 14], "texture": "#0"}
			}
		},
		{
			"from": [8, 10, 5.5],
			"to": [8, 16, 10.5],
			"shade": false,
			"rotation": {"angle": 45, "axis": "y", "origin": [8, 9, 8]},
			"faces": {
				"east": {"uv": [10, 5, 16, 11], "texture": "#0"},
				"west": {"uv": [10, 5, 16, 11], "texture": "#0"}
			}
		},
		{
			"from": [5.5, 10, 8],
			"to": [10.5, 12, 8],
			"shade": false,
			"rotation": {"angle": 45, "axis": "y", "origin": [8, 9, 8]},
			"faces": {
				"north": {"uv": [16, 5, 10, 7], "texture": "#0"},
				"south": {"uv": [10, 5, 16, 7], "texture": "#0"}
			}
		},
		{
			"from": [5.5, 14, 8],
			"to": [10.5, 16, 8],
			"shade": false,
			"rotation": {"angle": 45, "axis": "y", "origin": [8, 13, 8]},
			"faces": {
				"north": {"uv": [16, 9, 10, 11], "texture": "#0"},
				"south": {"uv": [10, 9, 16, 11], "texture": "#0"}
			}
		}
	]
}