{
	"credit": "Made with Blockbench",
	"ambientocclusion": false,
	"textures": {
		"0": "good_ores:block/verdite_chain",
		"particle": "good_ores:block/verdite_chain"
	},
	"elements": [
		{
			"from": [4.8, 0, 8],
			"to": [11.2, 16, 8],
			"shade": false,
			"rotation": {"angle": 45, "axis": "y", "origin": [8, 8, 8], "rescale": true},
			"faces": {
				"north": {"uv": [4, 0, 12, 16], "texture": "#0"},
				"south": {"uv": [4, 0, 12, 16], "texture": "#0"}
			}
		},
		{
			"from": [8, 0, 4.8],
			"to": [8, 16, 11.2],
			"shade": false,
			"rotation": {"angle": 45, "axis": "y", "origin": [8, 8, 8], "rescale": true},
			"faces": {
				"east": {"uv": [4, 0, 12, 16], "texture": "#0"},
				"west": {"uv": [4, 0, 12, 16], "texture": "#0"}
			}
		}
	]
}