{
	"credit": "Made with Blockbench",
	"texture_size": [32, 32],
	"textures": {
		"1": "block/texture"
	},
	"elements": [
		{
			"from": [8, 8, 4.8],
			"to": [8, 16, 11.2],
			"shade": false,
			"rotation": {"angle": 45, "axis": "y", "origin": [8, 8, 8], "rescale": true},
			"faces": {
				"east": {"uv": [11, 0, 15, 4], "texture": "#1"},
				"west": {"uv": [11, 0, 15, 4], "texture": "#1"}
			}
		},
		{
			"from": [4.8, 8, 8],
			"to": [11.2, 16, 8],
			"shade": false,
			"rotation": {"angle": 45, "axis": "y", "origin": [8, 8, 8], "rescale": true},
			"faces": {
				"north": {"uv": [11, 0, 15, 4], "texture": "#1"},
				"south": {"uv": [11, 0, 15, 4], "texture": "#1"}
			}
		},
		{
			"from": [4, 2, 4],
			"to": [12, 8, 12],
			"rotation": {"angle": 0, "axis": "y", "origin": [7, 0, 7]},
			"faces": {
				"north": {"uv": [4, 0, 8, 3], "texture": "#1"},
				"east": {"uv": [4, 0, 8, 3], "texture": "#1"},
				"south": {"uv": [4, 0, 8, 3], "texture": "#1"},
				"west": {"uv": [4, 0, 8, 3], "texture": "#1"},
				"up": {"uv": [4, 4, 0, 0], "texture": "#1"},
				"down": {"uv": [4, 0, 0, 4], "texture": "#1"}
			}
		},
		{
			"from": [5, 0, 5],
			"to": [11, 2, 11],
			"rotation": {"angle": 0, "axis": "y", "origin": [7, -6, 7]},
			"faces": {
				"north": {"uv": [0, 7, 3, 8], "texture": "#1"},
				"east": {"uv": [0, 7, 3, 8], "texture": "#1"},
				"south": {"uv": [0, 7, 3, 8], "texture": "#1"},
				"west": {"uv": [0, 7, 3, 8], "texture": "#1"},
				"up": {"uv": [0, 4, 3, 7], "texture": "#1"},
				"down": {"uv": [0, 4, 3, 7], "texture": "#1"}
			}
		}
	]
}