{
	"credit": "Made with Blockbench",
	"parent": "lantern",
	"elements": [
		{
			"from": [5, 0, 5],
			"to": [11, 7, 11],
			"faces": {
				"north": {"uv": [0, 2, 6, 9], "texture": "#missing"},
				"east": {"uv": [0, 2, 6, 9], "texture": "#missing"},
				"south": {"uv": [0, 2, 6, 9], "texture": "#missing"},
				"west": {"uv": [0, 2, 6, 9], "texture": "#missing"},
				"up": {"uv": [0, 9, 6, 15], "texture": "#missing"},
				"down": {"uv": [0, 9, 6, 15], "texture": "#missing", "cullface": "down"}
			}
		},
		{
			"from": [6, 7, 6],
			"to": [10, 9, 10],
			"faces": {
				"north": {"uv": [1, 0, 5, 2], "texture": "#missing"},
				"east": {"uv": [1, 0, 5, 2], "texture": "#missing"},
				"south": {"uv": [1, 0, 5, 2], "texture": "#missing"},
				"west": {"uv": [1, 0, 5, 2], "texture": "#missing"},
				"up": {"uv": [1, 10, 5, 14], "texture": "#missing"}
			}
		},
		{
			"from": [5.5, 9, 8],
			"to": [10.5, 11, 8],
			"shade": false,
			"rotation": {"angle": 45, "axis": "y", "origin": [8, 8, 8]},
			"faces": {
				"north": {"uv": [16, 5, 10, 7], "texture": "#missing"},
				"south": {"uv": [10, 5, 16, 7], "texture": "#missing"}
			}
		},
		{
			"from": [8, 9, 5.5],
			"to": [8, 11, 10.5],
			"shade": false,
			"rotation": {"angle": 45, "axis": "y", "origin": [8, 8, 8]},
			"faces": {
				"east": {"uv": [10, 9, 16, 11], "texture": "#missing"},
				"west": {"uv": [10, 5, 16, 7], "texture": "#missing"}
			}
		}
	]
}